'ICD-9-CM CODE','CATEGORY ASSIGNMENT'
'0001',2
'0002',2
'0003',2
'0009',2
'0010',2
'0011',2
'0012',2
'0013',2
'0014',2
'0015',2
'0016',2
'0017',2
'0018',2
'0019',2
'0021',1
'0022',1
'0023',1
'0024',1
'0025',1
'0028',1
'0029',1
'0031',1
'0032',1
'0033',1
'0034',1
'0035',1
'0039',1
'0040',2
'0041',2
'0042',2
'0043',2
'0044',2
'0045',2
'0046',2
'0047',2
'0048',2
'0049',2
'0050',4
'0051',4
'0052',4
'0053',4
'0054',4
'0055',2
'0056',4
'0057',4
'0058',1
'0059',1
'0060',2
'0061',4
'0062',4
'0063',2
'0064',2
'0065',2
'0066',4
'0067',1
'0068',1
'0069',1
'0070',4
'0071',4
'0072',4
'0073',4
'0074',2
'0075',2
'0076',2
'0077',2
'0080',4
'0081',4
'0082',4
'0083',4
'0084',4
'0085',4
'0086',4
'0087',4
'0091',2
'0092',2
'0093',2
'0094',1
'0095',2
'0096',2
'0101',2
'0102',2
'0109',2
'0110',1
'0111',1
'0112',3
'0113',1
'0114',3
'0115',3
'0116',1
'0117',1
'0118',3
'0119',3
'0120',4
'0121',4
'0122',4
'0123',4
'0124',4
'0125',4
'0126',2
'0127',2
'0128',4
'0129',4
'0131',4
'0132',4
'0139',4
'0141',4
'0142',4
'0151',4
'0152',4
'0153',4
'0159',4
'016 ',4
'0201',4
'0202',4
'0203',4
'0204',4
'0205',4
'0206',4
'0207',4
'0211',4
'0212',4
'0213',4
'0214',4
'022 ',4
'0221',4
'0222',4
'0231',4
'0232',4
'0233',4
'0234',4
'0235',4
'0239',4
'0241',2
'0242',4
'0243',4
'0291',4
'0292',4
'0293',4
'0294',4
'0295',2
'0296',2
'0299',4
'0301',4
'0302',4
'0309',4
'031 ',4
'0321',4
'0329',4
'0331',1
'0332',3
'0339',3
'034 ',4
'0351',4
'0352',4
'0353',4
'0359',4
'036 ',4
'0371',4
'0372',4
'0379',4
'038 ',2
'0390',2
'0391',2
'0392',2
'0393',4
'0394',4
'0395',2
'0396',2
'0397',4
'0398',4
'0399',4
'0401',4
'0402',4
'0403',4
'0404',4
'0405',4
'0406',4
'0407',4
'0411',1
'0412',3
'0419',3
'042 ',2
'043 ',4
'0441',4
'0442',4
'0443',4
'0444',4
'0449',4
'045 ',4
'046 ',4
'0471',4
'0472',4
'0473',4
'0474',4
'0475',4
'0476',4
'0479',4
'0480',2
'0481',2
'0489',2
'0491',4
'0492',4
'0493',4
'0499',4
'050 ',4
'0511',3
'0519',3
'0521',4
'0522',4
'0523',4
'0524',4
'0525',4
'0529',4
'0531',2
'0532',2
'0539',2
'0581',4
'0589',4
'059 ',4
'0601',2
'0602',4
'0609',4
'0611',1
'0612',3
'0613',3
'0619',3
'062 ',4
'0631',4
'0639',4
'064 ',4
'0650',4
'0651',4
'0652',4
'066 ',4
'067 ',4
'0681',4
'0689',4
'0691',4
'0692',4
'0693',4
'0694',4
'0695',4
'0698',4
'0699',4
'0700',4
'0701',4
'0702',4
'0711',1
'0712',3
'0713',3
'0714',3
'0715',3
'0716',3
'0717',3
'0719',3
'0721',4
'0722',4
'0729',4
'073 ',4
'0741',4
'0742',4
'0743',4
'0744',4
'0745',4
'0749',4
'0751',4
'0752',4
'0753',4
'0754',4
'0759',4
'0761',4
'0762',4
'0763',4
'0764',4
'0765',4
'0768',4
'0769',4
'0771',4
'0772',4
'0779',4
'0780',4
'0781',4
'0782',4
'0783',4
'0784',4
'0791',4
'0792',4
'0793',4
'0794',4
'0795',4
'0798',4
'0799',4
'0801',2
'0802',2
'0809',2
'0811',3
'0819',1
'0820',4
'0821',4
'0822',4
'0823',4
'0824',4
'0825',4
'0831',4
'0832',4
'0833',4
'0834',4
'0835',4
'0836',4
'0837',4
'0838',4
'0841',4
'0842',4
'0843',4
'0844',4
'0849',4
'0851',4
'0852',4
'0859',4
'0861',4
'0862',4
'0863',4
'0864',4
'0869',4
'0870',4
'0871',4
'0872',4
'0873',4
'0874',4
'0881',2
'0882',2
'0883',2
'0884',2
'0885',2
'0886',2
'0887',2
'0889',2
'0891',4
'0892',4
'0893',4
'0899',4
'090 ',4
'0911',3
'0912',3
'0919',3
'0920',4
'0921',4
'0922',4
'0923',4
'093 ',4
'0941',4
'0942',4
'0943',4
'0944',4
'0949',4
'0951',4
'0952',4
'0953',4
'0959',4
'096 ',4
'0971',4
'0972',4
'0973',4
'0981',4
'0982',4
'0983',4
'0991',4
'0999',4
'100 ',4
'101 ',4
'1021',3
'1029',3
'1031',4
'1032',4
'1033',4
'1041',4
'1042',4
'1043',4
'1044',4
'1049',4
'105 ',4
'106 ',4
'1091',4
'1099',4
'110 ',4
'111 ',4
'1121',3
'1122',3
'1129',3
'1131',4
'1132',4
'1139',4
'1141',4
'1142',4
'1143',4
'1149',4
'1151',4
'1152',4
'1153',4
'1159',4
'1160',4
'1161',4
'1162',4
'1163',4
'1164',4
'1169',4
'1171',4
'1172',4
'1173',4
'1174',4
'1175',4
'1176',4
'1179',4
'1191',4
'1192',4
'1199',4
'1200',4
'1201',4
'1202',4
'1211',4
'1212',4
'1213',4
'1214',4
'1221',3
'1222',3
'1229',3
'1231',4
'1232',4
'1233',4
'1234',4
'1235',4
'1239',4
'1240',4
'1241',4
'1242',4
'1243',4
'1244',4
'1251',4
'1252',4
'1253',4
'1254',4
'1255',4
'1259',4
'1261',4
'1262',4
'1263',4
'1264',4
'1265',4
'1266',4
'1267',4
'1269',4
'1271',4
'1272',4
'1273',4
'1274',4
'1279',4
'1281',4
'1282',4
'1283',4
'1284',4
'1285',4
'1286',4
'1287',4
'1288',4
'1289',4
'1291',4
'1292',4
'1293',4
'1297',4
'1298',4
'1299',4
'1300',4
'1301',4
'1302',4
'1311',4
'1319',4
'132 ',4
'133 ',4
'1341',4
'1342',4
'1343',4
'1351',4
'1359',4
'1361',4
'1362',4
'1363',4
'1364',4
'1365',4
'1366',4
'1369',4
'1370',4
'1371',4
'1372',4
'138 ',4
'139 ',4
'1390',4
'1391',4
'1400',4
'1401',4
'1402',4
'1411',3
'1419',3
'1421',4
'1422',4
'1423',2
'1424',2
'1425',2
'1426',4
'1427',4
'1429',4
'1431',4
'1432',4
'1433',2
'1434',2
'1435',2
'1439',4
'1441',4
'1449',4
'1451',4
'1452',4
'1453',4
'1454',4
'1455',4
'1459',4
'146 ',4
'1471',4
'1472',4
'1473',4
'1474',4
'1475',4
'1479',4
'1481',4
'1482',4
'1483',4
'149 ',4
'1501',3
'1509',3
'1511',4
'1512',4
'1513',4
'1519',4
'1521',4
'1522',4
'1529',4
'153 ',4
'154 ',4
'155 ',4
'156 ',4
'157 ',4
'159 ',4
'1601',4
'1602',4
'1609',4
'161 ',4
'1621',1
'1622',3
'1623',3
'1629',3
'1631',4
'1639',4
'1641',4
'1642',4
'1649',4
'1651',4
'1652',4
'1659',4
'1661',4
'1662',4
'1663',4
'1664',4
'1665',4
'1666',4
'1669',4
'1671',4
'1672',4
'1681',4
'1682',4
'1689',4
'1691',2
'1692',4
'1693',4
'1698',4
'1699',4
'1711',4
'1712',4
'1713',4
'1721',4
'1722',4
'1723',4
'1724',4
'1731',4
'1732',4
'1733',4
'1734',4
'1735',4
'1736',4
'1739',4
'1741',2
'1742',2
'1743',2
'1744',2
'1745',2
'1749',2
'1751',4
'1752',4
'1753',4
'1754',4
'1755',4
'1756',4
'1761',4
'1762',4
'1763',4
'1769',4
'1770',2
'1771',1
'1781',2
'1801',2
'1802',2
'1809',2
'1811',1
'1812',1
'1819',1
'1821',4
'1829',2
'1831',4
'1839',4
'184 ',2
'185 ',4
'186 ',4
'1871',4
'1872',4
'1879',4
'189 ',4
'190 ',4
'1911',4
'1919',4
'1921',4
'1929',4
'193 ',4
'194 ',4
'1952',4
'1953',4
'1954',4
'1955',4
'196 ',4
'199 ',4
'2001',4
'2009',2
'201 ',2
'2021',4
'2022',4
'2023',4
'2031',1
'2032',3
'2039',3
'2041',4
'2042',4
'2049',4
'2051',4
'2059',4
'2061',4
'2062',4
'2071',4
'2072',4
'2079',4
'208 ',2
'2091',4
'2092',4
'2093',4
'2094',2
'2095',4
'2096',4
'2097',4
'2098',4
'2099',4
'2100',2
'2101',2
'2102',2
'2103',2
'2104',4
'2105',4
'2106',4
'2107',4
'2109',4
'211 ',2
'2121',1
'2122',1
'2129',1
'2130',2
'2131',2
'2132',2
'214 ',4
'215 ',4
'2161',4
'2162',4
'2169',4
'2171',2
'2172',4
'2181',2
'2182',4
'2183',4
'2184',4
'2185',4
'2186',4
'2187',4
'2188',4
'2189',4
'2191',2
'2199',4
'2200',2
'2201',2
'2202',2
'2211',1
'2212',3
'2219',1
'222 ',2
'2231',4
'2239',4
'2241',4
'2242',4
'2250',4
'2251',4
'2252',4
'2253',4
'2260',4
'2261',4
'2262',4
'2263',4
'2264',4
'2271',4
'2279',4
'229 ',4
'2301',2
'2309',2
'2311',2
'2319',2
'232 ',2
'233 ',2
'2341',2
'2342',2
'2343',2
'2349',2
'235 ',2
'236 ',2
'2370',2
'2371',2
'2372',2
'2373',2
'240 ',2
'2411',1
'2412',1
'2419',1
'242 ',4
'2431',2
'2432',2
'2439',2
'244 ',4
'245 ',4
'246 ',2
'247 ',2
'248 ',2
'2491',2
'2499',2
'2501',1
'2502',3
'2509',1
'251 ',4
'252 ',4
'253 ',4
'254 ',4
'2551',2
'2559',4
'2591',2
'2592',2
'2593',2
'2594',4
'2599',4
'260 ',2
'2611',1
'2612',3
'2619',1
'2621',4
'2629',4
'2630',4
'2631',4
'2632',4
'2641',4
'2642',4
'2649',4
'2691',2
'2699',4
'270 ',4
'271 ',4
'2721',3
'2722',3
'2723',1
'2724',1
'2729',1
'2731',4
'2732',4
'2741',2
'2742',4
'2743',4
'2749',4
'2751',2
'2752',2
'2753',4
'2754',4
'2755',4
'2756',4
'2757',4
'2759',4
'2761',4
'2762',4
'2763',4
'2764',2
'2769',4
'2771',4
'2772',4
'2773',4
'2779',4
'2791',2
'2792',4
'2799',4
'280 ',4
'2811',3
'2819',3
'282 ',4
'283 ',4
'284 ',4
'285 ',4
'286 ',4
'287 ',4
'2891',4
'2892',4
'2899',4
'290 ',4
'2911',1
'2912',1
'2919',1
'292 ',4
'293 ',4
'2931',4
'2932',4
'2933',4
'2939',4
'294 ',4
'2951',4
'2952',4
'2953',4
'2954',4
'2959',4
'2991',2
'2992',4
'2999',4
'3001',4
'3009',4
'301 ',4
'3021',4
'3022',4
'3029',4
'303 ',4
'304 ',4
'310 ',2
'311 ',2
'3121',4
'3129',4
'313 ',4
'3141',1
'3142',1
'3143',1
'3144',1
'3145',3
'3148',1
'3149',1
'315 ',4
'3161',4
'3162',4
'3163',4
'3164',4
'3169',4
'3171',4
'3172',4
'3173',4
'3174',4
'3175',4
'3179',4
'3191',4
'3192',4
'3193',2
'3194',2
'3195',2
'3198',4
'3199',4
'320 ',4
'3201',2
'3209',4
'321 ',4
'3220',4
'3221',4
'3222',4
'3223',4
'3224',4
'3225',4
'3226',4
'3227',4
'3228',2
'3229',4
'323 ',4
'3230',4
'3239',4
'324 ',4
'3241',4
'3249',4
'325 ',4
'3250',4
'3259',4
'326 ',4
'329 ',4
'330 ',4
'331 ',4
'3320',3
'3321',1
'3322',1
'3323',1
'3324',1
'3325',3
'3326',1
'3327',3
'3328',3
'3329',3
'3331',2
'3332',2
'3333',2
'3334',4
'3339',4
'3341',4
'3342',4
'3343',4
'3348',4
'3349',4
'335 ',4
'3350',4
'3351',4
'3352',4
'336 ',4
'3371',2
'3372',2
'3373',2
'3378',2
'3379',2
'3391',2
'3392',4
'3393',4
'3398',4
'3399',4
'3401',2
'3402',4
'3403',4
'3404',2
'3405',2
'3406',4
'3409',2
'341 ',4
'3420',3
'3421',3
'3422',3
'3423',1
'3424',1
'3425',1
'3426',3
'3427',3
'3428',3
'3429',3
'343 ',4
'344 ',4
'3451',4
'3452',4
'3459',4
'346 ',4
'3471',2
'3472',2
'3473',4
'3474',4
'3479',4
'3481',4
'3482',4
'3483',4
'3484',4
'3485',4
'3489',4
'3491',2
'3492',2
'3493',4
'3499',4
'3500',4
'3501',4
'3502',4
'3503',4
'3504',4
'3505',4
'3506',4
'3507',4
'3508',4
'3509',4
'3510',4
'3511',4
'3512',4
'3513',4
'3514',4
'3520',4
'3521',4
'3522',4
'3523',4
'3524',4
'3525',4
'3526',4
'3527',4
'3528',4
'3531',4
'3532',4
'3533',4
'3534',4
'3535',4
'3539',4
'3541',2
'3542',4
'3550',4
'3551',4
'3552',4
'3553',4
'3554',4
'3555',4
'3560',4
'3561',4
'3562',4
'3563',4
'3570',4
'3571',4
'3572',4
'3573',4
'3581',4
'3582',4
'3583',4
'3584',4
'3591',4
'3592',4
'3593',4
'3594',4
'3595',4
'3596',4
'3597',4
'3598',4
'3599',4
'3600',4
'3601',4
'3602',4
'3603',4
'3604',2
'3605',4
'3606',2
'3607',2
'3609',4
'3610',4
'3611',4
'3612',4
'3613',4
'3614',4
'3615',4
'3616',4
'3617',4
'3619',4
'362 ',4
'363 ',4
'3631',4
'3632',4
'3633',4
'3634',4
'3639',4
'3691',4
'3699',4
'370 ',2
'3710',4
'3711',4
'3712',4
'3720',1
'3721',1
'3722',1
'3723',1
'3724',3
'3725',1
'3726',1
'3727',1
'3728',1
'3729',1
'3731',4
'3732',4
'3733',4
'3734',4
'3735',4
'3736',2
'3737',4
'374 ',4
'3741',4
'3749',4
'375 ',4
'3751',4
'3752',4
'3753',4
'3754',4
'3755',4
'3760',4
'3761',4
'3762',4
'3763',4
'3764',4
'3765',4
'3766',4
'3767',4
'3768',4
'3770',2
'3771',2
'3772',2
'3773',2
'3774',4
'3775',4
'3776',4
'3777',4
'3778',2
'3779',4
'3780',4
'3781',2
'3782',2
'3783',2
'3785',4
'3786',4
'3787',4
'3789',4
'3790',2
'3791',4
'3792',2
'3793',2
'3794',4
'3795',4
'3796',4
'3797',4
'3798',4
'3799',4
'3800',4
'3801',4
'3802',4
'3803',4
'3804',4
'3805',4
'3806',4
'3807',4
'3808',4
'3809',4
'3810',4
'3811',4
'3812',4
'3813',4
'3814',4
'3815',4
'3816',4
'3818',4
'3821',3
'3822',1
'3823',1
'3824',1
'3825',1
'3826',4
'3829',3
'3830',4
'3831',4
'3832',4
'3833',4
'3834',4
'3835',4
'3836',4
'3837',4
'3838',4
'3839',4
'3840',4
'3841',4
'3842',4
'3843',4
'3844',4
'3845',4
'3846',4
'3847',4
'3848',4
'3849',4
'3850',4
'3851',4
'3852',4
'3853',4
'3855',4
'3857',4
'3859',4
'3860',4
'3861',4
'3862',4
'3863',4
'3864',4
'3865',4
'3866',4
'3867',4
'3868',4
'3869',4
'387 ',4
'3880',4
'3881',4
'3882',4
'3883',4
'3884',4
'3885',4
'3886',4
'3887',4
'3888',4
'3889',4
'3891',2
'3892',2
'3893',2
'3894',2
'3895',2
'3897',2
'3898',2
'3899',2
'390 ',4
'391 ',4
'3921',4
'3922',4
'3923',4
'3924',4
'3925',4
'3926',4
'3927',4
'3928',4
'3929',4
'3930',4
'3931',4
'3932',4
'3941',4
'3942',4
'3943',4
'3949',4
'3950',4
'3951',4
'3952',4
'3953',4
'3954',4
'3955',4
'3956',4
'3957',4
'3958',4
'3959',4
'3961',2
'3962',2
'3963',2
'3964',2
'3965',4
'3966',2
'397 ',4
'3971',4
'3972',4
'3973',4
'3974',4
'3975',4
'3976',4
'3977',4
'3978',4
'3979',4
'398 ',4
'3981',4
'3982',4
'3983',4
'3984',4
'3985',4
'3986',4
'3987',4
'3988',4
'3989',4
'3990',2
'3991',4
'3992',4
'3993',4
'3994',4
'3995',2
'3996',2
'3997',2
'3998',4
'3999',4
'400 ',4
'4011',3
'4019',3
'4021',4
'4022',4
'4023',4
'4024',4
'4029',4
'403 ',4
'4040',4
'4041',4
'4042',4
'4050',4
'4051',4
'4052',4
'4053',4
'4054',4
'4059',4
'4061',4
'4062',4
'4063',4
'4064',4
'4069',4
'409 ',4
'410 ',4
'4100',4
'4101',4
'4102',4
'4103',4
'4104',4
'4105',4
'4106',4
'4107',4
'4108',4
'4109',4
'411 ',2
'412 ',4
'4131',1
'4132',1
'4133',3
'4138',1
'4139',1
'4141',4
'4142',4
'4143',4
'415 ',4
'4191',2
'4192',2
'4193',4
'4194',4
'4195',4
'4198',2
'4199',4
'4201',4
'4209',4
'4210',4
'4211',4
'4212',4
'4219',4
'4221',3
'4222',1
'4223',1
'4224',1
'4225',3
'4229',1
'4231',4
'4232',4
'4233',2
'4239',4
'4240',4
'4241',4
'4242',4
'4251',4
'4252',4
'4253',4
'4254',4
'4255',4
'4256',4
'4258',4
'4259',4
'4261',4
'4262',4
'4263',4
'4264',4
'4265',4
'4266',4
'4268',4
'4269',4
'427 ',4
'4281',2
'4282',4
'4283',4
'4284',4
'4285',4
'4286',4
'4287',4
'4289',4
'4291',4
'4292',2
'4299',2
'430 ',4
'431 ',4
'4311',2
'4319',2
'432 ',4
'433 ',4
'4341',2
'4342',4
'4349',4
'435 ',4
'436 ',4
'437 ',4
'4381',4
'4382',4
'4389',4
'4391',4
'4399',4
'4400',4
'4401',4
'4402',4
'4403',4
'4411',3
'4412',1
'4413',1
'4414',1
'4415',3
'4419',1
'442 ',4
'4421',4
'4422',2
'4429',4
'4431',4
'4432',4
'4438',4
'4439',4
'4440',4
'4441',4
'4442',4
'4443',2
'4444',2
'4449',2
'445 ',4
'4461',4
'4462',2
'4463',4
'4464',4
'4465',4
'4466',4
'4467',4
'4468',4
'4469',4
'4491',4
'4492',4
'4493',2
'4494',2
'4495',4
'4496',4
'4497',4
'4498',4
'4499',4
'4500',4
'4501',4
'4502',4
'4503',4
'4511',3
'4512',1
'4513',1
'4514',1
'4515',3
'4516',1
'4519',1
'4521',3
'4522',1
'4523',1
'4524',1
'4525',1
'4526',3
'4527',1
'4528',1
'4529',1
'4530',2
'4531',4
'4532',4
'4533',4
'4534',4
'4541',4
'4542',2
'4543',2
'4549',4
'4550',4
'4551',4
'4552',4
'4561',4
'4562',4
'4563',4
'4571',4
'4572',4
'4573',4
'4574',4
'4575',4
'4576',4
'4579',4
'458 ',4
'4581',4
'4582',4
'4583',4
'4590',4
'4591',4
'4592',4
'4593',4
'4594',4
'4595',4
'4601',4
'4602',4
'4603',4
'4604',4
'4610',4
'4611',4
'4612',4
'4613',4
'4614',2
'4620',4
'4621',4
'4622',4
'4623',4
'4624',2
'4631',2
'4632',2
'4639',2
'4640',4
'4641',4
'4642',4
'4643',4
'4650',4
'4651',4
'4652',4
'4660',4
'4661',4
'4662',4
'4663',4
'4664',4
'4671',4
'4672',4
'4673',4
'4674',4
'4675',4
'4676',4
'4679',4
'4680',4
'4681',4
'4682',4
'4685',2
'4686',2
'4687',2
'4691',4
'4692',4
'4693',4
'4694',4
'4695',2
'4696',2
'4697',4
'4699',4
'470 ',4
'4701',4
'4709',4
'471 ',4
'4711',4
'4719',4
'472 ',4
'4791',4
'4792',4
'4799',4
'480 ',4
'481 ',4
'4821',3
'4822',1
'4823',1
'4824',1
'4825',3
'4826',1
'4829',1
'4831',2
'4832',2
'4833',2
'4834',2
'4835',4
'4836',2
'4840',4
'4841',4
'4842',4
'4843',4
'4849',4
'485 ',4
'4850',4
'4851',4
'4852',4
'4859',4
'4861',4
'4862',4
'4863',4
'4864',4
'4865',4
'4866',4
'4869',4
'4871',4
'4872',4
'4873',4
'4874',4
'4875',4
'4876',4
'4879',4
'4881',4
'4882',4
'4891',4
'4892',4
'4893',4
'4899',4
'4901',4
'4902',4
'4903',2
'4904',4
'4911',4
'4912',4
'4921',1
'4922',1
'4923',1
'4929',1
'493 ',4
'4931',2
'4939',4
'4941',2
'4942',2
'4943',2
'4944',4
'4945',4
'4946',4
'4947',2
'4949',4
'4951',4
'4952',4
'4959',4
'496 ',4
'4971',4
'4972',4
'4973',4
'4974',4
'4975',4
'4976',4
'4979',4
'4991',4
'4992',4
'4993',4
'4994',4
'4995',4
'4999',4
'500 ',4
'5011',1
'5012',3
'5013',1
'5014',3
'5019',3
'5021',4
'5022',4
'5023',4
'5024',4
'5025',4
'5026',4
'5029',4
'503 ',4
'504 ',4
'5051',4
'5059',4
'5061',4
'5069',4
'5091',2
'5092',2
'5093',2
'5094',2
'5099',2
'5101',2
'5102',4
'5103',4
'5104',4
'5110',1
'5111',1
'5112',1
'5113',3
'5114',1
'5115',1
'5119',3
'5121',4
'5122',4
'5123',4
'5124',4
'5131',4
'5132',4
'5133',4
'5134',4
'5135',4
'5136',4
'5137',4
'5139',4
'5141',4
'5142',4
'5143',4
'5149',4
'5151',4
'5159',4
'5161',4
'5162',4
'5163',4
'5164',2
'5169',4
'5171',4
'5172',4
'5179',4
'5181',4
'5182',4
'5183',4
'5184',2
'5185',2
'5186',2
'5187',2
'5188',2
'5189',4
'5191',4
'5192',4
'5193',4
'5194',4
'5195',4
'5196',2
'5197',2
'5198',2
'5199',4
'5201',4
'5209',4
'5211',1
'5212',3
'5213',1
'5214',1
'5219',3
'522 ',4
'5221',2
'5222',4
'523 ',4
'524 ',4
'5251',4
'5252',4
'5253',4
'5259',4
'526 ',4
'527 ',4
'5280',4
'5281',4
'5282',4
'5283',4
'5284',2
'5285',2
'5286',2
'5291',4
'5292',4
'5293',2
'5294',2
'5295',4
'5296',4
'5297',2
'5298',2
'5299',4
'5300',4
'5301',4
'5302',4
'5303',4
'5304',4
'5305',4
'5310',4
'5311',4
'5312',4
'5313',4
'5314',4
'5315',4
'5316',4
'5317',4
'5321',4
'5329',4
'5331',4
'5339',4
'5341',4
'5342',4
'5343',4
'5349',4
'5351',4
'5359',4
'5361',4
'5362',4
'5363',4
'5369',4
'537 ',4
'5371',4
'5372',4
'5375',4
'5380',4
'5381',4
'5382',4
'5383',4
'5384',4
'539 ',4
'540 ',4
'5411',4
'5412',4
'5419',4
'5421',3
'5422',3
'5423',3
'5424',1
'5425',1
'5429',3
'543 ',4
'544 ',4
'545 ',4
'5451',4
'5459',4
'5461',4
'5462',4
'5463',4
'5464',4
'5471',4
'5472',4
'5473',4
'5474',4
'5475',4
'5491',2
'5492',4
'5493',4
'5494',4
'5495',4
'5496',2
'5497',2
'5498',2
'5499',2
'5501',4
'5502',4
'5503',4
'5504',4
'5511',4
'5512',4
'5521',1
'5522',1
'5523',1
'5524',3
'5529',3
'5531',4
'5532',4
'5533',4
'5534',4
'5535',4
'5539',4
'554 ',4
'5551',4
'5552',4
'5553',4
'5554',4
'5561',4
'5569',4
'557 ',4
'5581',4
'5582',4
'5583',4
'5584',4
'5585',4
'5586',4
'5587',4
'5589',4
'5591',4
'5592',2
'5593',2
'5594',2
'5595',2
'5596',2
'5597',4
'5598',4
'5599',4
'560 ',4
'561 ',4
'562 ',4
'5631',1
'5632',1
'5633',1
'5634',3
'5635',1
'5639',3
'5640',4
'5641',4
'5642',4
'5651',4
'5652',4
'5661',4
'5662',4
'5671',4
'5672',4
'5673',4
'5674',4
'5675',4
'5679',4
'5681',4
'5682',4
'5683',4
'5684',4
'5685',4
'5686',4
'5689',4
'5691',2
'5692',4
'5693',4
'5694',4
'5695',4
'5699',4
'570 ',2
'5711',2
'5712',4
'5717',2
'5718',4
'5719',4
'5721',4
'5722',4
'5731',1
'5732',1
'5733',3
'5734',3
'5739',3
'5741',4
'5749',4
'5751',4
'5759',4
'576 ',4
'5771',4
'5779',4
'5781',4
'5782',4
'5783',4
'5784',4
'5785',4
'5786',4
'5787',4
'5788',4
'5789',4
'5791',4
'5792',2
'5793',4
'5794',2
'5795',2
'5796',4
'5797',4
'5798',4
'5799',4
'580 ',4
'581 ',4
'5821',1
'5822',1
'5823',1
'5824',1
'5829',1
'583 ',2
'5831',2
'5839',2
'5841',4
'5842',4
'5843',4
'5844',4
'5845',4
'5846',4
'5847',4
'5849',4
'585 ',4
'586 ',2
'5891',4
'5892',4
'5893',4
'5899',4
'5900',4
'5901',4
'5902',4
'5903',4
'5909',4
'5911',4
'5912',4
'5919',4
'5921',3
'5929',3
'593 ',4
'594 ',4
'595 ',4
'596 ',4
'5971',4
'5972',2
'5979',4
'598 ',2
'5991',4
'5992',4
'5993',2
'5994',2
'5995',2
'5996',2
'5999',2
'600 ',4
'6011',1
'6012',3
'6013',1
'6014',3
'6015',3
'6018',3
'6019',3
'602 ',4
'6021',4
'6029',4
'603 ',4
'604 ',4
'605 ',4
'6061',4
'6062',4
'6069',4
'6071',2
'6072',4
'6073',4
'6079',4
'6081',4
'6082',4
'6091',2
'6092',2
'6093',4
'6094',4
'6095',4
'6096',4
'6097',4
'6099',4
'610 ',2
'6111',1
'6119',1
'612 ',4
'613 ',2
'6141',2
'6142',4
'6149',4
'6191',2
'6192',4
'6199',4
'620 ',4
'6211',1
'6212',3
'6219',3
'622 ',4
'623 ',4
'6241',4
'6242',4
'625 ',4
'6261',4
'6269',4
'627 ',4
'6291',2
'6292',2
'6299',4
'6301',1
'6309',3
'631 ',4
'632 ',4
'633 ',4
'634 ',4
'6351',4
'6352',2
'6353',4
'6359',4
'636 ',2
'6370',2
'6371',2
'6372',2
'6373',2
'6381',4
'6382',4
'6383',4
'6384',2
'6385',4
'6389',4
'6391',2
'6392',4
'6393',4
'6394',4
'6395',4
'6399',4
'640 ',4
'6411',3
'6419',1
'642 ',4
'643 ',4
'6441',4
'6442',4
'6443',4
'6444',4
'6445',4
'6449',4
'645 ',4
'6491',2
'6492',4
'6493',4
'6494',2
'6495',4
'6496',4
'6497',4
'6498',4
'6499',4
'650 ',4
'6501',4
'6509',4
'6511',3
'6512',3
'6513',3
'6514',3
'6519',3
'6521',4
'6522',4
'6523',4
'6524',4
'6525',4
'6529',4
'653 ',4
'6531',4
'6539',4
'654 ',4
'6541',4
'6549',4
'6551',4
'6552',4
'6553',4
'6554',4
'6561',4
'6562',4
'6563',4
'6564',4
'6571',4
'6572',4
'6573',4
'6574',4
'6575',4
'6576',4
'6579',4
'658 ',4
'6581',4
'6589',4
'6591',4
'6592',4
'6593',4
'6594',4
'6595',4
'6599',4
'660 ',4
'6601',4
'6602',4
'6611',3
'6619',3
'6621',4
'6622',4
'6629',4
'6631',4
'6632',4
'6639',4
'664 ',4
'6651',4
'6652',4
'6661',4
'6662',4
'6663',4
'6669',4
'6671',4
'6672',4
'6673',4
'6674',4
'6679',4
'668 ',2
'6691',2
'6692',4
'6693',4
'6694',4
'6695',4
'6696',4
'6697',4
'6699',4
'670 ',2
'6711',3
'6712',3
'6719',3
'672 ',4
'6731',4
'6732',4
'6733',4
'6739',4
'674 ',4
'675 ',4
'6751',4
'6759',4
'6761',4
'6762',4
'6769',4
'680 ',4
'6811',1
'6812',1
'6813',3
'6814',3
'6815',3
'6816',3
'6819',3
'6821',4
'6822',4
'6823',4
'6824',4
'6825',4
'6829',4
'683 ',4
'6831',4
'6839',4
'684 ',4
'6841',4
'6849',4
'685 ',4
'6851',4
'6859',4
'686 ',4
'6861',4
'6869',4
'687 ',4
'6871',4
'6879',4
'688 ',4
'689 ',4
'6901',4
'6902',4
'6909',3
'6911',4
'6919',4
'6921',4
'6922',4
'6923',4
'6929',4
'693 ',4
'6941',4
'6942',4
'6949',4
'6951',4
'6952',4
'6959',2
'696 ',2
'697 ',2
'6991',2
'6992',2
'6993',2
'6994',2
'6995',4
'6996',2
'6997',4
'6998',4
'6999',4
'700 ',2
'7011',2
'7012',4
'7013',4
'7014',4
'7021',1
'7022',1
'7023',3
'7024',3
'7029',3
'7031',4
'7032',4
'7033',4
'704 ',4
'7050',4
'7051',4
'7052',4
'7053',4
'7054',4
'7055',4
'7061',4
'7062',4
'7063',4
'7064',4
'7071',4
'7072',4
'7073',4
'7074',4
'7075',4
'7076',4
'7077',4
'7078',4
'7079',4
'708 ',4
'7091',4
'7092',4
'7093',4
'7094',2
'7095',2
'7101',4
'7109',4
'7111',3
'7119',3
'7121',2
'7122',4
'7123',4
'7124',4
'7129',4
'713 ',4
'714 ',4
'715 ',4
'7161',4
'7162',4
'7171',4
'7172',4
'7179',4
'718 ',4
'719 ',4
'720 ',2
'721 ',2
'7221',2
'7229',2
'7231',2
'7239',2
'724 ',2
'7251',2
'7252',2
'7253',2
'7254',2
'726 ',2
'7271',2
'7279',2
'728 ',2
'729 ',2
'7301',2
'7309',2
'731 ',2
'7321',2
'7322',2
'733 ',2
'734 ',2
'7351',2
'7359',2
'736 ',2
'738 ',2
'7391',2
'7392',2
'7393',2
'7394',4
'7399',4
'740 ',4
'741 ',4
'742 ',4
'743 ',4
'744 ',4
'7491',4
'7499',4
'750 ',2
'751 ',1
'752 ',2
'7531',1
'7532',1
'7533',1
'7534',1
'7535',1
'7536',4
'7537',2
'7538',1
'754 ',2
'7550',4
'7551',4
'7552',4
'7561',4
'7562',2
'7569',2
'757 ',2
'758 ',2
'7591',2
'7592',2
'7593',4
'7594',2
'7599',4
'7601',4
'7609',4
'7611',3
'7619',3
'762 ',4
'7631',4
'7639',4
'7641',4
'7642',4
'7643',4
'7644',4
'7645',4
'7646',4
'765 ',4
'7661',4
'7662',4
'7663',4
'7664',4
'7665',4
'7666',4
'7667',4
'7668',4
'7669',4
'7670',4
'7671',2
'7672',4
'7673',2
'7674',4
'7675',2
'7676',4
'7677',4
'7678',2
'7679',4
'7691',4
'7692',4
'7693',2
'7694',4
'7695',2
'7696',2
'7697',4
'7699',4
'7700',4
'7701',4
'7702',4
'7703',4
'7704',4
'7705',4
'7706',4
'7707',4
'7708',4
'7709',4
'7710',4
'7711',4
'7712',4
'7713',4
'7714',4
'7715',4
'7716',4
'7717',4
'7718',4
'7719',4
'7720',4
'7721',4
'7722',4
'7723',4
'7724',4
'7725',4
'7726',4
'7727',4
'7728',4
'7729',4
'7730',4
'7731',4
'7732',4
'7733',4
'7734',4
'7735',4
'7736',4
'7737',4
'7738',4
'7739',4
'7740',3
'7741',3
'7742',3
'7743',3
'7744',3
'7745',3
'7746',3
'7747',3
'7748',3
'7749',3
'7751',4
'7752',4
'7753',4
'7754',4
'7756',4
'7757',4
'7758',4
'7759',4
'7760',4
'7761',4
'7762',4
'7763',4
'7764',4
'7765',4
'7766',4
'7767',4
'7768',4
'7769',4
'7770',4
'7771',4
'7772',4
'7773',4
'7774',4
'7775',4
'7776',4
'7777',4
'7778',4
'7779',4
'7780',4
'7781',4
'7782',4
'7783',4
'7784',4
'7785',4
'7786',4
'7787',4
'7788',4
'7789',4
'7790',4
'7791',4
'7792',4
'7793',4
'7794',4
'7795',4
'7796',4
'7797',4
'7798',4
'7799',4
'7800',4
'7801',4
'7802',4
'7803',4
'7804',4
'7805',4
'7806',4
'7807',4
'7808',4
'7809',4
'7810',4
'7811',4
'7812',4
'7813',4
'7814',4
'7815',4
'7816',4
'7817',4
'7818',4
'7819',4
'7820',4
'7822',4
'7823',4
'7824',4
'7825',4
'7827',4
'7828',4
'7829',4
'7830',4
'7831',4
'7832',4
'7833',4
'7834',4
'7835',4
'7837',4
'7838',4
'7839',4
'7840',4
'7841',4
'7842',4
'7843',4
'7844',4
'7845',4
'7846',4
'7847',4
'7848',4
'7849',4
'7850',4
'7851',4
'7852',4
'7853',4
'7854',4
'7855',4
'7856',4
'7857',4
'7858',4
'7859',4
'7860',4
'7861',4
'7862',4
'7863',4
'7864',4
'7865',4
'7866',4
'7867',4
'7868',4
'7869',4
'7870',4
'7871',4
'7872',4
'7873',4
'7874',4
'7875',4
'7876',4
'7877',4
'7878',4
'7879',4
'7880',3
'7881',3
'7882',3
'7883',3
'7884',3
'7885',3
'7886',3
'7887',3
'7888',3
'7889',3
'7890',4
'7891',4
'7892',4
'7893',4
'7894',4
'7895',4
'7896',4
'7897',4
'7898',4
'7899',4
'7900',2
'7901',2
'7902',2
'7903',2
'7904',2
'7905',2
'7906',2
'7907',2
'7908',2
'7909',2
'7910',4
'7911',4
'7912',4
'7913',4
'7914',4
'7915',4
'7916',4
'7917',4
'7918',4
'7919',4
'7920',4
'7921',4
'7922',4
'7923',4
'7924',4
'7925',4
'7926',4
'7927',4
'7928',4
'7929',4
'7930',4
'7931',4
'7932',4
'7933',4
'7934',4
'7935',4
'7936',4
'7937',4
'7938',4
'7939',4
'7940',4
'7941',4
'7942',4
'7945',4
'7946',4
'7949',4
'7950',4
'7951',4
'7952',4
'7955',4
'7956',4
'7959',4
'7960',4
'7961',4
'7962',4
'7963',4
'7964',4
'7965',4
'7966',4
'7967',4
'7968',4
'7969',4
'7970',2
'7971',2
'7972',2
'7973',2
'7974',2
'7975',2
'7976',2
'7977',2
'7978',2
'7979',2
'7980',4
'7981',4
'7982',4
'7983',4
'7984',4
'7985',4
'7986',4
'7987',4
'7988',4
'7989',4
'7990',4
'7991',4
'7992',4
'7993',4
'7994',4
'7995',4
'7996',4
'7997',4
'7998',4
'7999',4
'8000',4
'8001',4
'8002',4
'8003',4
'8004',4
'8005',4
'8006',4
'8007',4
'8008',4
'8009',4
'8010',4
'8011',4
'8012',4
'8013',4
'8014',4
'8015',4
'8016',4
'8017',4
'8018',4
'8019',4
'8020',3
'8021',3
'8022',3
'8023',3
'8024',3
'8025',3
'8026',3
'8027',3
'8028',3
'8029',3
'8030',1
'8031',1
'8032',1
'8033',1
'8034',1
'8035',1
'8036',1
'8037',1
'8038',1
'8039',1
'8040',4
'8041',4
'8042',4
'8043',4
'8044',4
'8045',4
'8046',4
'8047',4
'8048',4
'8049',4
'805 ',4
'8050',4
'8051',4
'8052',2
'8053',4
'8054',4
'8059',4
'806 ',4
'8070',4
'8071',4
'8072',4
'8073',4
'8074',4
'8075',4
'8076',4
'8077',4
'8078',4
'8079',4
'8080',4
'8081',4
'8082',4
'8083',4
'8084',4
'8085',4
'8086',4
'8087',4
'8088',4
'8089',4
'8090',4
'8091',4
'8092',4
'8093',4
'8094',4
'8095',4
'8096',4
'8097',4
'8098',4
'8099',4
'8100',4
'8101',4
'8102',4
'8103',4
'8104',4
'8105',4
'8106',4
'8107',4
'8108',4
'8109',4
'8111',4
'8112',4
'8113',4
'8114',4
'8115',4
'8116',4
'8117',4
'8118',4
'8120',4
'8121',4
'8122',4
'8123',4
'8124',4
'8125',4
'8126',4
'8127',4
'8128',4
'8129',4
'8130',4
'8131',4
'8132',4
'8133',4
'8134',4
'8135',4
'8136',4
'8137',4
'8138',4
'8139',4
'8140',4
'8141',4
'8142',4
'8143',4
'8144',4
'8145',4
'8146',4
'8147',4
'8148',4
'8149',4
'8151',4
'8152',4
'8153',4
'8154',4
'8155',4
'8156',4
'8157',4
'8159',4
'8161',4
'8162',4
'8163',4
'8164',4
'8165',4
'8166',4
'8169',4
'8171',4
'8172',4
'8173',4
'8174',4
'8175',4
'8179',4
'8180',4
'8181',4
'8182',4
'8183',4
'8184',4
'8185',4
'8186',4
'8187',4
'8188',4
'8191',2
'8192',2
'8193',4
'8194',4
'8195',4
'8196',4
'8197',4
'8198',3
'8199',4
'8201',4
'8202',4
'8203',4
'8204',2
'8209',4
'8211',4
'8212',4
'8219',4
'8221',4
'8222',4
'8229',4
'8231',4
'8232',4
'8233',4
'8234',4
'8235',4
'8236',4
'8239',4
'8241',4
'8242',4
'8243',4
'8244',4
'8245',4
'8246',4
'8251',4
'8252',4
'8253',4
'8254',4
'8255',4
'8256',4
'8257',4
'8258',4
'8259',4
'8261',4
'8269',4
'8271',4
'8272',4
'8279',4
'8281',4
'8282',4
'8283',4
'8284',4
'8285',4
'8286',4
'8289',4
'8291',4
'8292',2
'8293',2
'8294',2
'8295',2
'8296',2
'8299',4
'8301',4
'8302',4
'8303',4
'8309',4
'8311',4
'8312',4
'8313',4
'8314',4
'8319',4
'8321',3
'8329',3
'8331',4
'8332',4
'8339',4
'8341',4
'8342',4
'8343',4
'8344',4
'8345',4
'8349',4
'835 ',4
'8361',4
'8362',4
'8363',4
'8364',4
'8365',4
'8371',4
'8372',4
'8373',4
'8374',4
'8375',4
'8376',4
'8377',4
'8379',4
'8381',4
'8382',4
'8383',4
'8384',4
'8385',4
'8386',4
'8387',4
'8388',4
'8389',4
'8391',4
'8392',4
'8393',4
'8394',2
'8395',2
'8396',2
'8397',2
'8398',2
'8399',4
'8400',4
'8401',4
'8402',4
'8403',4
'8404',4
'8405',4
'8406',4
'8407',4
'8408',4
'8409',4
'8410',4
'8411',4
'8412',4
'8413',4
'8414',4
'8415',4
'8416',4
'8417',4
'8418',4
'8419',4
'8421',4
'8422',4
'8423',4
'8424',4
'8425',4
'8426',4
'8427',4
'8428',4
'8429',4
'843 ',4
'8440',4
'8441',2
'8442',2
'8443',2
'8444',4
'8445',2
'8446',2
'8447',2
'8448',4
'8451',2
'8452',2
'8453',2
'8454',2
'8455',2
'8456',2
'8457',2
'8458',4
'8459',4
'8460',4
'8461',4
'8462',4
'8463',4
'8464',4
'8465',4
'8466',4
'8467',4
'8468',4
'8469',4
'8471',2
'8472',2
'8473',2
'8480',4
'8481',4
'8482',4
'8483',4
'8484',4
'8485',4
'8491',4
'8492',4
'8493',4
'8494',4
'8499',4
'850 ',2
'8511',1
'8512',3
'8519',1
'8520',4
'8521',4
'8522',4
'8523',4
'8524',4
'8525',4
'8531',4
'8532',4
'8533',4
'8534',4
'8535',4
'8536',4
'8541',4
'8542',4
'8543',4
'8544',4
'8545',4
'8546',4
'8547',4
'8548',4
'8550',4
'8551',2
'8552',2
'8553',4
'8554',4
'8555',4
'856 ',4
'857 ',4
'8570',4
'8571',4
'8572',4
'8573',4
'8574',4
'8575',4
'8576',4
'8579',4
'8581',2
'8582',4
'8583',4
'8584',4
'8585',4
'8586',4
'8587',4
'8589',4
'8591',2
'8592',2
'8593',4
'8594',4
'8595',4
'8596',4
'8599',4
'8601',2
'8602',2
'8603',2
'8604',2
'8605',2
'8606',4
'8607',2
'8609',2
'8611',1
'8619',1
'8621',4
'8622',4
'8623',2
'8624',2
'8625',4
'8626',2
'8627',2
'8628',2
'863 ',2
'864 ',4
'8651',2
'8659',2
'8660',4
'8661',4
'8662',4
'8663',4
'8664',2
'8665',4
'8666',4
'8667',4
'8669',4
'8670',4
'8671',4
'8672',4
'8673',4
'8674',4
'8675',4
'8681',4
'8682',4
'8683',4
'8684',4
'8685',4
'8686',4
'8687',4
'8689',4
'8690',4
'8691',4
'8692',2
'8693',4
'8694',4
'8695',4
'8696',4
'8697',4
'8698',4
'8699',2
'8701',1
'8702',1
'8703',1
'8704',1
'8705',1
'8706',1
'8707',1
'8708',1
'8709',1
'8711',1
'8712',1
'8713',1
'8714',1
'8715',1
'8716',1
'8717',1
'8721',1
'8722',1
'8723',1
'8724',1
'8729',1
'8731',1
'8732',1
'8733',1
'8734',1
'8735',1
'8736',1
'8737',1
'8738',1
'8739',1
'8741',1
'8742',1
'8743',1
'8744',1
'8749',1
'8751',1
'8752',1
'8753',3
'8754',1
'8759',1
'8761',1
'8762',1
'8763',1
'8764',1
'8765',1
'8766',1
'8769',1
'8771',1
'8772',1
'8773',1
'8774',1
'8775',1
'8776',1
'8777',1
'8778',1
'8779',1
'8781',1
'8782',1
'8783',1
'8784',1
'8785',1
'8789',1
'8791',1
'8792',1
'8793',1
'8794',1
'8795',1
'8799',1
'8801',1
'8802',1
'8803',1
'8804',1
'8809',1
'8811',1
'8812',1
'8813',1
'8814',1
'8815',1
'8816',1
'8819',1
'8821',1
'8822',1
'8823',1
'8824',1
'8825',1
'8826',1
'8827',1
'8828',1
'8829',1
'8831',1
'8832',1
'8833',1
'8834',1
'8835',1
'8836',1
'8837',1
'8838',1
'8839',1
'8840',1
'8841',1
'8842',1
'8843',1
'8844',1
'8845',1
'8846',1
'8847',1
'8848',1
'8849',1
'8850',1
'8851',1
'8852',1
'8853',1
'8854',1
'8855',1
'8856',1
'8857',1
'8858',1
'8859',1
'8860',1
'8861',1
'8862',1
'8863',1
'8864',1
'8865',1
'8866',1
'8867',1
'8868',1
'8871',1
'8872',1
'8873',1
'8874',1
'8875',1
'8876',1
'8877',1
'8878',1
'8879',1
'8881',1
'8882',1
'8883',1
'8884',1
'8885',1
'8886',1
'8889',1
'8890',1
'8891',1
'8892',1
'8893',1
'8894',1
'8895',1
'8896',1
'8897',1
'8898',1
'8899',1
'8901',1
'8902',1
'8903',1
'8904',1
'8905',1
'8906',1
'8907',1
'8908',1
'8909',1
'8910',1
'8911',1
'8912',1
'8913',1
'8914',1
'8915',1
'8916',1
'8917',1
'8918',1
'8919',1
'8921',1
'8922',1
'8923',1
'8924',1
'8925',1
'8926',1
'8929',1
'8931',1
'8932',1
'8933',1
'8934',1
'8935',1
'8936',1
'8937',1
'8938',1
'8939',1
'8941',1
'8942',1
'8943',1
'8944',1
'8945',1
'8946',1
'8947',1
'8948',1
'8949',1
'8950',1
'8951',1
'8952',1
'8953',1
'8954',1
'8955',1
'8956',1
'8957',1
'8958',1
'8959',1
'8960',1
'8961',1
'8962',1
'8963',1
'8964',1
'8965',1
'8966',1
'8967',1
'8968',1
'8969',1
'897 ',1
'898 ',1
'9001',1
'9002',1
'9003',1
'9004',1
'9005',1
'9006',1
'9009',1
'9011',1
'9012',1
'9013',1
'9014',1
'9015',1
'9016',1
'9019',1
'9021',1
'9022',1
'9023',1
'9024',1
'9025',1
'9026',1
'9029',1
'9031',1
'9032',1
'9033',1
'9034',1
'9035',1
'9036',1
'9039',1
'9041',1
'9042',1
'9043',1
'9044',1
'9045',1
'9046',1
'9049',1
'9051',1
'9052',1
'9053',1
'9054',1
'9055',1
'9056',1
'9059',1
'9061',1
'9062',1
'9063',1
'9064',1
'9065',1
'9066',1
'9069',1
'9071',1
'9072',1
'9073',1
'9074',1
'9075',1
'9076',1
'9079',1
'9081',1
'9082',1
'9083',1
'9084',1
'9085',1
'9086',1
'9089',1
'9091',1
'9092',1
'9093',1
'9094',1
'9095',1
'9096',1
'9099',1
'9101',1
'9102',1
'9103',1
'9104',1
'9105',1
'9106',1
'9109',1
'9111',1
'9112',1
'9113',1
'9114',1
'9115',1
'9116',1
'9119',1
'9121',1
'9122',1
'9123',1
'9124',1
'9125',1
'9126',1
'9129',1
'9131',1
'9132',1
'9133',1
'9134',1
'9135',1
'9136',1
'9139',1
'9141',1
'9142',1
'9143',1
'9144',1
'9145',1
'9146',1
'9149',1
'9151',1
'9152',1
'9153',1
'9154',1
'9155',1
'9156',1
'9159',1
'9161',1
'9162',1
'9163',1
'9164',1
'9165',1
'9166',1
'9169',1
'9171',1
'9172',1
'9173',1
'9174',1
'9175',1
'9176',1
'9179',1
'9181',1
'9182',1
'9183',1
'9184',1
'9185',1
'9186',1
'9189',1
'9191',1
'9192',1
'9193',1
'9194',1
'9195',1
'9196',1
'9199',1
'9201',1
'9202',1
'9203',1
'9204',1
'9205',1
'9209',1
'9211',1
'9212',1
'9213',1
'9214',1
'9215',1
'9216',1
'9217',1
'9218',1
'9219',1
'9220',2
'9221',2
'9222',2
'9223',2
'9224',2
'9225',2
'9226',2
'9227',4
'9228',2
'9229',2
'923 ',2
'9230',2
'9231',2
'9232',2
'9233',2
'9239',2
'9241',2
'9301',1
'9302',1
'9303',1
'9304',1
'9305',1
'9306',1
'9307',1
'9308',1
'9309',1
'9311',2
'9312',2
'9313',2
'9314',2
'9315',2
'9316',2
'9317',2
'9318',2
'9319',2
'9321',2
'9322',2
'9323',2
'9324',2
'9325',2
'9326',2
'9327',2
'9328',2
'9329',2
'9331',2
'9332',2
'9333',2
'9334',2
'9335',2
'9336',2
'9337',2
'9338',2
'9339',2
'9341',2
'9342',2
'9343',2
'9344',2
'9345',2
'9346',2
'9351',2
'9352',2
'9353',2
'9354',2
'9355',2
'9356',2
'9357',2
'9358',2
'9359',2
'9361',2
'9362',2
'9363',2
'9364',2
'9365',2
'9366',2
'9367',2
'9371',2
'9372',2
'9373',2
'9374',2
'9375',2
'9376',2
'9377',2
'9378',2
'9381',2
'9382',2
'9383',2
'9384',2
'9385',2
'9389',2
'9390',2
'9391',2
'9392',2
'9393',2
'9394',2
'9395',2
'9396',2
'9397',2
'9398',2
'9399',2
'9401',1
'9402',1
'9403',1
'9408',1
'9409',1
'9411',1
'9412',1
'9413',1
'9419',1
'9421',2
'9422',2
'9423',2
'9424',2
'9425',2
'9426',2
'9427',2
'9429',2
'9431',2
'9432',2
'9433',2
'9434',2
'9435',2
'9436',2
'9437',2
'9438',2
'9439',2
'9441',2
'9442',2
'9443',2
'9444',2
'9445',2
'9446',2
'9449',2
'9451',2
'9452',2
'9453',2
'9454',2
'9455',2
'9459',2
'9461',2
'9462',2
'9463',2
'9464',2
'9465',2
'9466',2
'9467',2
'9468',2
'9469',2
'9501',1
'9502',1
'9503',1
'9504',3
'9505',1
'9506',1
'9507',1
'9509',1
'9511',1
'9512',1
'9513',1
'9514',1
'9515',1
'9516',1
'9521',1
'9522',1
'9523',1
'9524',1
'9525',1
'9526',1
'9531',2
'9532',2
'9533',2
'9534',2
'9535',2
'9536',2
'9541',1
'9542',1
'9543',1
'9544',1
'9545',1
'9546',1
'9547',1
'9548',2
'9549',2
'9601',2
'9602',2
'9603',2
'9604',2
'9605',2
'9606',2
'9607',2
'9608',2
'9609',2
'9611',2
'9614',2
'9615',2
'9616',2
'9617',2
'9618',2
'9619',2
'9621',2
'9622',2
'9623',2
'9624',2
'9625',2
'9626',2
'9627',2
'9628',2
'9629',2
'9631',2
'9632',2
'9633',2
'9634',2
'9635',2
'9636',2
'9637',2
'9638',2
'9639',2
'9641',2
'9642',2
'9643',2
'9644',2
'9645',2
'9646',2
'9647',2
'9648',2
'9649',2
'9651',2
'9652',2
'9653',2
'9654',2
'9655',2
'9656',2
'9657',2
'9658',2
'9659',2
'966 ',2
'9670',2
'9671',2
'9672',2
'9701',2
'9702',2
'9703',2
'9704',2
'9705',2
'9711',2
'9712',2
'9713',2
'9714',2
'9715',2
'9716',2
'9721',2
'9722',2
'9723',2
'9724',2
'9725',2
'9726',2
'9729',2
'9731',2
'9732',2
'9733',2
'9734',2
'9735',2
'9736',2
'9737',2
'9738',2
'9739',2
'9741',2
'9742',2
'9743',2
'9744',2
'9749',2
'9751',2
'9752',2
'9753',2
'9754',2
'9755',2
'9756',2
'9759',2
'9761',2
'9762',2
'9763',2
'9764',2
'9765',2
'9769',2
'9771',2
'9772',2
'9773',2
'9774',2
'9775',2
'9779',2
'9781',2
'9782',2
'9783',2
'9784',2
'9785',2
'9786',2
'9787',2
'9788',2
'9789',2
'9801',2
'9802',2
'9803',2
'9804',2
'9805',2
'9811',2
'9812',2
'9813',2
'9814',2
'9815',2
'9816',2
'9817',2
'9818',2
'9819',2
'9820',2
'9821',2
'9822',2
'9823',2
'9824',2
'9825',2
'9826',2
'9827',2
'9828',2
'9829',2
'9851',2
'9852',2
'9859',2
'9900',2
'9901',2
'9902',2
'9903',2
'9904',2
'9905',2
'9906',2
'9907',2
'9908',2
'9909',2
'9910',2
'9911',2
'9912',2
'9913',2
'9914',2
'9915',2
'9916',2
'9917',2
'9918',2
'9919',2
'9920',2
'9921',2
'9922',2
'9923',2
'9924',2
'9925',2
'9926',2
'9927',2
'9928',2
'9929',2
'9931',2
'9932',2
'9933',2
'9934',2
'9935',2
'9936',2
'9937',2
'9938',2
'9939',2
'9941',2
'9942',2
'9943',2
'9944',2
'9945',2
'9946',2
'9947',2
'9948',2
'9951',2
'9952',2
'9953',2
'9954',2
'9955',2
'9956',2
'9957',2
'9958',2
'9959',2
'9960',2
'9961',2
'9962',2
'9963',2
'9964',2
'9969',2
'9971',2
'9972',2
'9973',2
'9974',2
'9975',2
'9976',2
'9977',2
'9978',2
'9979',2
'9981',2
'9982',2
'9983',2
'9984',2
'9985',2
'9986',2
'9988',2
'9991',2
'9992',2
'9993',2
'9994',2
'9995',2
'9996',2
'9997',2
'9998',2
'9999',2